Day,ActivePower,AmbientTemperatue,NacellePosition,ReactivePower,WindDirection,WindSpeed
93.0,24394.619989357307,30.805260179801973,278.5476436105435,31.201306347198013,278.5476436105435,4.36082195639604
94.0,50826.76146249639,32.174563937388044,259.65349798949154,68.76491435627615,259.65349798949154,4.730478920365672
95.0,37306.87995598869,31.985806903500002,277.823359268923,49.630341073671445,277.823359268923,4.348789512721428
96.0,43038.87502465276,33.111927217096785,203.43164891358973,57.3152310361371,203.43164891358973,4.267095523548386
97.0,92095.34344182638,28.766404370675758,189.21455662006798,84.06741965647323,189.21455662006798,5.9845201317820855
98.0,31643.802316042103,25.379035531052633,293.7280701736842,44.395507624736844,293.7280701736842,4.721377884894737
99.0,92095.34344182638,28.766404370675758,189.21455662006798,84.06741965647323,189.21455662006798,5.9845201317820855
100.0,92095.34344182638,28.766404370675758,189.21455662006798,84.06741965647323,189.21455662006798,5.9845201317820855
101.0,92095.34344182638,28.766404370675758,189.21455662006798,84.06741965647323,189.21455662006798,5.9845201317820855
102.0,92095.34344182638,28.766404370675758,189.21455662006798,84.06741965647323,189.21455662006798,5.9845201317820855
103.0,92095.34344182638,28.766404370675758,189.21455662006798,84.06741965647323,189.21455662006798,5.9845201317820855
104.0,92095.34344182638,28.766404370675758,189.21455662006798,84.06741965647323,189.21455662006798,5.9845201317820855
105.0,92095.34344182638,28.766404370675758,189.21455662006798,84.06741965647323,189.21455662006798,5.9845201317820855
106.0,52854.8307461179,33.94834165499999,288.19947957038096,72.02380232952628,288.19947957038096,4.839305148482455
107.0,41592.06031741777,33.42750019565218,284.6494355244882,55.93623849877536,284.6494355244882,4.573389926949276
108.0,18468.552866325463,36.031584855348825,193.54971323499998,21.016255255372087,193.54971323499998,3.5907786766279086
109.0,72663.6858152846,34.21307738571427,192.15761749205126,100.44182806470239,192.15761749205126,5.242601445642858
110.0,66315.03543320089,32.955012958142824,131.8599508402222,90.21791806892143,131.8599508402222,5.203729129928572
111.0,14203.63773477732,36.391845668131864,167.9725577932558,13.843766776285712,167.9725577932558,3.365942316714286
112.0,31274.65661097357,34.45402924525425,143.90396620640348,38.87656461668909,143.90396620640348,3.8503804601596636
113.0,23846.366166901793,34.64467867851066,205.86522282932836,28.285825828702137,205.86522282932836,3.594914570248229
114.0,71231.7418115832,34.022755587,150.8140262258267,98.82304968827499,150.8140262258267,5.2853512376625
115.0,46025.34954106799,34.863691689,213.25497822542056,60.48448937820001,213.25497822542056,4.359364551433332
116.0,49346.307299660846,34.41258230779411,229.2225738979527,65.85306680505151,229.2225738979527,4.576600702904413
117.0,66018.556783729,33.5552457832867,237.34080576697673,89.91145933353849,237.34080576697673,4.966611910601399
118.0,40024.95128946412,33.92133306342857,271.6103824944274,54.20715624280716,271.6103824944274,4.52549123719286
119.0,54175.542469390275,34.49881795144579,158.74575488493673,74.20283953933733,158.74575488493673,4.943468165096384
120.0,73886.88487862787,35.1779955650365,150.51256079968502,102.0315892448029,150.51256079968502,5.197165150999999
121.0,93902.98777076036,34.1626843022464,168.97365166775194,130.22924914439852,168.97365166775194,5.729351969369567
122.0,67927.60887255054,34.25677518400002,166.88973454628785,92.5355282867857,166.88973454628785,5.037670498721428
123.0,39697.58142825101,35.00011532935064,124.36877341986487,49.01925781472727,124.36877341986487,4.484878763142857
124.0,92095.34344182638,28.766404370675758,189.21455662006798,84.06741965647323,189.21455662006798,5.9845201317820855
125.0,92095.34344182638,28.766404370675758,189.21455662006798,84.06741965647323,189.21455662006798,5.9845201317820855
126.0,92095.34344182638,28.766404370675758,189.21455662006798,84.06741965647323,189.21455662006798,5.9845201317820855
127.0,92095.34344182638,28.766404370675758,189.21455662006798,84.06741965647323,189.21455662006798,5.9845201317820855
128.0,62935.31799759087,34.303644041428576,252.36111111015873,88.52415520928571,252.36111111015873,5.469099118028572
129.0,31467.093156795083,34.61877794285715,245.12381677624057,40.115746995064264,245.12381677624057,4.314539748057145
130.0,46070.50295154849,33.100810931240865,178.84816862338707,61.499682916963536,178.84816862338707,4.502168180233576
131.0,11043.753138256234,33.915646150588216,148.36514622923661,7.7370048512647065,148.36514622923661,2.9473400510147045
132.0,36545.95049162073,33.18389908560606,132.81206276008194,48.20275039405303,132.81206276008194,4.109762394416667
133.0,213928.94693449305,28.9468182749091,247.53703703703704,297.55836050570923,247.53703703703704,9.065081322363632
134.0,92095.34344182638,28.766404370675758,189.21455662006798,84.06741965647323,189.21455662006798,5.9845201317820855
135.0,92095.34344182638,28.766404370675758,189.21455662006798,84.06741965647323,189.21455662006798,5.9845201317820855
136.0,92095.34344182638,28.766404370675758,189.21455662006798,84.06741965647323,189.21455662006798,5.9845201317820855
137.0,92095.34344182638,28.766404370675758,189.21455662006798,84.06741965647323,189.21455662006798,5.9845201317820855
138.0,92095.34344182638,28.766404370675758,189.21455662006798,84.06741965647323,189.21455662006798,5.9845201317820855
139.0,92095.34344182638,28.766404370675758,189.21455662006798,84.06741965647323,189.21455662006798,5.9845201317820855
140.0,92095.34344182638,28.766404370675758,189.21455662006798,84.06741965647323,189.21455662006798,5.9845201317820855
141.0,51150.44912582397,31.796236071397075,147.22269489076922,68.41860384415439,147.22269489076922,4.837776947220586
142.0,23838.773983267936,32.8054762975352,228.44963726492645,28.154427234507054,228.44963726492645,3.745356291732395
143.0,7544.925544349124,34.47484828131867,155.57339716734938,4.134582423344445,155.57339716734938,3.302427359555556
144.0,27933.673246914168,33.56486306738739,185.67572899584164,34.91203326788289,185.67572899584164,3.870396025666667
145.0,44893.583184505704,32.584207289154925,238.46217879899226,59.29989675417606,238.46217879899226,4.354438351725351
146.0,56704.22481366961,32.399461270704215,266.32993742137404,76.4196190274648,266.32993742137404,4.670923655338031
147.0,43697.71368101005,33.190151883285715,276.7879232534883,56.85754223732143,276.7879232534883,4.204660456135714
148.0,30982.711324550193,34.347532430492954,226.13360507015503,37.763390566598595,226.13360507015503,3.7377941069295786
149.0,104906.47385401824,33.938800371983476,102.35061823353982,145.61850923095867,102.35061823353982,5.788469820859503
150.0,108941.63532653615,32.26801698127658,104.75375541115385,153.3987172341134,104.75375541115385,6.4305991096312045
151.0,71631.8357476432,33.179909968368804,175.23672217037878,96.77292933141136,175.23672217037878,4.909629560822697
152.0,37187.98909743651,31.82301349478873,148.99357127954542,48.69876149650703,148.99357127954542,4.257836900676056
153.0,63855.99701146572,30.566049799300693,150.89923392088892,89.05294072237062,150.89923392088892,5.308871157797199
154.0,47353.3396571077,27.769094020769234,118.375,66.25213697000001,118.375,5.026715667692307
155.0,92095.34344182638,28.766404370675758,189.21455662006798,84.06741965647323,189.21455662006798,5.9845201317820855
156.0,74414.58829541148,32.300764358999984,88.62161576068627,102.46258125163635,88.62161576068627,5.135911424654546
157.0,139660.02797844002,31.74598664151516,87.78955507737287,196.15072113624998,87.78955507737287,7.081645210590906
158.0,92095.34344182638,28.766404370675758,189.21455662006798,84.06741965647323,189.21455662006798,5.9845201317820855
159.0,189569.2996429557,29.39578341854962,83.41381421619835,268.004911228855,83.41381421619835,8.528417808038173
160.0,227646.26692453568,27.321160274173913,95.3995466099029,320.75435181834774,95.3995466099029,10.388616630417395
161.0,245209.89852306375,27.80597976829786,95.76628435963416,345.3008406893616,95.76628435963416,10.498429213202131
162.0,243486.56324914645,29.652827731818167,89.98607437829459,342.9292716417064,89.98607437829459,11.137350647657339
163.0,247708.92672523632,30.45137359027273,91.93597642545453,349.1335707036363,91.93597642545453,11.700086948254542
164.0,239350.11814080004,30.25446966042857,87.57669491525424,1.8208137244000024,87.57669491525424,10.24381685437143
165.0,189183.21204378715,29.13822896981653,96.8064891987,-0.2244384076146789,96.8064891987,8.065721532183488
166.0,114159.43383014399,30.78848818738096,117.40076524025002,-0.705430800059524,117.40076524025002,6.422293335428572
167.0,200809.05830399998,27.91803090666667,91.0,0.7212441993333333,91.0,8.750052281666667
168.0,240209.03100292687,27.78910750536586,92.2472972972973,-0.5474454130975609,92.2472972972973,9.546694880560976
169.0,92095.34344182638,28.766404370675758,189.21455662006798,84.06741965647323,189.21455662006798,5.9845201317820855
170.0,92095.34344182638,28.766404370675758,189.21455662006798,84.06741965647323,189.21455662006798,5.9845201317820855
171.0,92095.34344182638,28.766404370675758,189.21455662006798,84.06741965647323,189.21455662006798,5.9845201317820855
172.0,92095.34344182638,28.766404370675758,189.21455662006798,84.06741965647323,189.21455662006798,5.9845201317820855
173.0,92095.34344182638,28.766404370675758,189.21455662006798,84.06741965647323,189.21455662006798,5.9845201317820855
174.0,92095.34344182638,28.766404370675758,189.21455662006798,84.06741965647323,189.21455662006798,5.9845201317820855
175.0,92095.34344182638,28.766404370675758,189.21455662006798,84.06741965647323,189.21455662006798,5.9845201317820855
176.0,209157.26617212626,28.83360544578947,86.68365695786407,-0.31300612851754384,86.68365695786407,9.378502236491228
177.0,242992.6609518882,29.872884693496506,87.6454482662406,-0.130013809958042,87.6454482662406,11.010053987118878
178.0,212282.30813638298,27.873802815563387,82.61538317314961,-0.2756372011760563,82.61538317314961,8.68916816651408
179.0,118096.54815603627,28.929461930000006,75.21863934673077,-0.16563109454621852,75.21863934673077,6.634188274000002
180.0,88462.40303101277,29.00007853936171,82.89433666338347,-0.7157917606241135,82.89433666338347,6.010518942113475
181.0,71858.70885388325,29.5603672017143,89.682152634,-0.8770844197642859,89.682152634,5.593809047321431
182.0,68096.25976915167,28.944019408521118,106.63003525345866,-2.3076663981408463,106.63003525345866,5.2874305725
183.0,154900.60085208004,28.59453914624999,85.42932179027272,-0.30445668408333326,85.42932179027272,7.695908895541669
184.0,168070.34663153486,29.349334122357146,94.09107814579365,-0.26341098906428567,94.09107814579365,7.623948316914285
185.0,227695.70683165462,29.712423907553955,83.39097069592309,-0.20533429683453236,83.39097069592309,8.89772840417266
186.0,237763.3595090704,29.3647540343662,93.95588015786261,-0.3120663992676057,93.95588015786261,9.842249046366193
187.0,239182.97210948577,28.057236482857153,85.82625387435898,-0.34870487840476205,85.82625387435898,9.580987930928572
188.0,92095.34344182638,28.766404370675758,189.21455662006798,84.06741965647323,189.21455662006798,5.9845201317820855
189.0,196303.167496,24.733478456666663,84.78125,0.19421361149999994,84.78125,8.228158053555555
190.0,209559.27782575766,27.735295045563372,89.48427747671643,-0.24660780021126757,89.48427747671643,9.142237973014087
191.0,235603.0307587826,28.713431226521738,86.75348839873016,-0.22208370593478255,86.75348839873016,9.887423658094203
192.0,239953.89594082904,28.8735596490909,83.63496923714287,-0.11194544082727274,83.63496923714287,10.51775318323636
193.0,92095.34344182638,28.766404370675758,189.21455662006798,84.06741965647323,189.21455662006798,5.9845201317820855
194.0,229971.19538300871,27.829820355543465,89.0512253627381,-0.2280035470000001,89.0512253627381,9.836955452489132
195.0,246830.99312239385,28.238112901496073,84.63885032957263,-0.25703478007874,84.63885032957263,11.721720664787398
196.0,247180.81986181828,28.908360604949493,89.21156393747252,-0.25636148605050485,89.21156393747252,12.572704117454544
197.0,241608.91086434035,28.689543465319137,85.29636736234848,-0.14460594063829782,85.29636736234848,12.708311126595754
198.0,242631.68120125722,28.659609611642868,85.86396543992188,-0.2036651456428571,85.86396543992188,11.415683006957146
199.0,238726.88259700636,28.182537171774214,88.53439835294641,-0.27083476304838716,88.53439835294641,10.63872222425806
200.0,246375.43323676585,29.014575319432627,91.96476405328242,-0.3588232253475177,91.96476405328242,11.181895127680848
201.0,247553.86216748937,28.232381680780147,88.07032312944446,-0.20257112056737595,88.07032312944446,11.196097761673753
202.0,244839.5630238778,28.52283023053436,88.67881537860656,-0.2644202204122136,88.67881537860656,10.743355379916032
203.0,241318.9454139212,28.445376740314956,93.34425815206612,-0.2422551514960631,93.34425815206612,10.2621713081811
204.0,92095.34344182638,28.766404370675758,189.21455662006798,84.06741965647323,189.21455662006798,5.9845201317820855
205.0,92095.34344182638,28.766404370675758,189.21455662006798,84.06741965647323,189.21455662006798,5.9845201317820855
206.0,92095.34344182638,28.766404370675758,189.21455662006798,84.06741965647323,189.21455662006798,5.9845201317820855
207.0,92095.34344182638,28.766404370675758,189.21455662006798,84.06741965647323,189.21455662006798,5.9845201317820855
208.0,92095.34344182638,28.766404370675758,189.21455662006798,84.06741965647323,189.21455662006798,5.9845201317820855
209.0,92095.34344182638,28.766404370675758,189.21455662006798,84.06741965647323,189.21455662006798,5.9845201317820855
210.0,92095.34344182638,28.766404370675758,189.21455662006798,84.06741965647323,189.21455662006798,5.9845201317820855
211.0,225966.13637695657,29.846423836737593,98.1875983615625,-0.43177627988652517,98.1875983615625,8.929918446787232
212.0,232138.81678350427,29.057460637464782,91.87575482207694,-0.275214713809859,91.87575482207694,9.782271388112678
213.0,193006.84583486512,28.220865425348837,93.22855616512823,-0.2750533852325581,93.22855616512823,8.89756930367442
214.0,239664.3880600679,29.84434754381354,98.53637873106666,-0.4014499943389831,98.53637873106666,9.90899825833898
215.0,155472.7750508695,27.95423117414286,103.64308438592592,-2.2080012082428575,103.64308438592592,7.1573462864714275
216.0,243000.70274928803,26.546672318983045,90.14285714285714,-0.33212824979661015,90.14285714285714,10.09516807342373
217.0,242276.72395319995,26.7871328437069,96.26522282428569,-0.2706743809224138,96.26522282428569,10.225942271474135
218.0,238186.04629501438,27.523036214799994,89.92472961794117,-0.20081791684800004,89.92472961794117,10.876465053744004
219.0,239369.47625314278,26.21738051738095,89.23127093094342,-0.28302582574999996,89.23127093094342,10.378985466773813
220.0,219661.1506315414,26.90832535518518,74.75870129909093,-0.6748399223333333,74.75870129909093,8.95962550602469
221.0,234508.5280125001,26.674106421250002,77.88814935104168,-0.0824661580416667,77.88814935104168,9.805141394312502
222.0,242652.65536328958,28.775772100373832,87.6654288696923,-0.28344158045794404,87.6654288696923,10.282651676495325
223.0,242801.25883200002,26.80147899052632,90.14971988843136,-0.14779210488157893,90.14971988843136,10.616577779513161
224.0,245997.5739253334,27.308709884074077,90.71287878909091,-0.8928587023703705,90.71287878909091,12.146880401
225.0,244355.49215767736,27.50322207306451,84.46346315465117,-0.36874962762903224,84.46346315465117,11.57595110098387
226.0,237608.71902352944,25.846597689901955,80.70937604038461,-0.3000405125882353,80.70937604038461,10.135795940186275
227.0,246604.1077620001,26.75285582303572,85.53388888866668,-0.28014266953571426,85.53388888866668,10.25536705119643
228.0,92095.34344182638,28.766404370675758,189.21455662006798,84.06741965647323,189.21455662006798,5.9845201317820855
229.0,243264.2220225392,28.26356754125001,88.39547020056605,-0.12668781093043485,88.39547020056605,13.1627930815
230.0,225975.5577675205,28.15929216954887,189.21455662006798,-0.6865604483769229,189.21455662006798,5.9845201317820855
231.0,247643.31907920007,28.312969381749998,90.275,-0.24545433244999995,90.275,12.256527906250001
232.0,247454.13969174196,28.034579260325195,91.1830575984375,-0.20806462503225806,91.1830575984375,11.40566023431452
233.0,242174.54076501497,28.759256949179097,89.26083099897059,-0.1890109757014925,89.26083099897059,10.993419561940296
234.0,239781.34711372305,28.86061808128205,90.64922086707317,-0.1356299896495727,90.64922086707317,9.707286759940173
235.0,235930.98779329483,28.437401659389312,89.93681318679486,-0.24258244165648848,89.93681318679486,9.61452231386259
236.0,132689.592721152,29.360809855116273,105.17409733061224,-4.807500705662921,105.17409733061224,8.110541769808984
237.0,216509.2336503828,29.165171902439024,100.59351076539475,-0.7364762378015881,100.59351076539475,8.647267459555556
238.0,231013.44993309086,29.894530049393925,90.75393939400003,-0.18499756222222224,90.75393939400003,9.081614931555553
239.0,183133.4320372801,27.058871854157307,97.46704931964287,-0.21146043854444446,97.46704931964287,8.756857771966665
240.0,223197.4826300827,27.287926976363643,95.210748299,-0.29712383615702487,95.210748299,8.76047357179339
241.0,183308.41258060103,27.86604830838028,97.98943623563218,-0.6256123316934306,97.98943623563218,8.199369865297873
242.0,179247.38688151565,28.500079190902255,102.96306787011494,-0.31510208006015056,102.96306787011494,7.796893593556392
243.0,216171.81224498362,25.981953199836063,93.60936638954544,-0.278539557737705,93.60936638954544,8.627726101918032
244.0,157462.9576901993,28.100323752596157,109.56993087677421,-0.9717661694271844,109.56993087677421,7.598291852913461
245.0,164553.9772616,28.904448819166678,97.5436549284375,-0.2567508957291667,97.5436549284375,7.717555490611111
246.0,142762.02226076572,29.161081338561143,107.07490877666669,-0.25790987599285714,107.07490877666669,7.152872403328573
247.0,137460.3017948,29.122505824097225,100.93113151264367,-0.2475498272986113,100.93113151264367,7.059064866090274
248.0,186302.33702478366,28.62722032479593,100.9775076,-0.2850812523571428,100.9775076,8.079489953591837
249.0,212163.8262720001,28.657911825763897,104.13339331918607,-0.13957538605555553,104.13339331918607,8.776426870715282
250.0,225484.25925436587,28.361887559148922,97.92751779034482,-0.2686028687517731,97.92751779034482,8.880729121595742
251.0,120628.05342450002,28.769754070833333,100.08090062228261,-0.3409072196736108,100.08090062228261,6.828217966701389
252.0,20982.49002443421,30.17810235120688,135.54647654032968,-4.908861054499999,135.54647654032968,3.852166393379311
253.0,17082.853765511994,30.19838427375002,80.05274408506604,-6.225879592618057,80.05274408506604,3.5402001354236123
254.0,41928.683866190615,30.506642514202913,125.16112592767857,-6.379895309456523,125.16112592767857,4.190317627413044
255.0,22550.879301514746,29.131957823426568,109.96268676605769,-6.052706282755246,109.96268676605769,3.5078501067062953
256.0,37396.2701469529,30.761281117916667,118.82197541536583,-3.8269019838450706,118.82197541536583,4.720913795409724
257.0,32132.34454219604,31.300348573356647,120.07916269950002,-3.679627897951049,120.07916269950002,4.2807208040699285
258.0,72619.94086871081,29.77116561758866,130.4987956005263,-1.933352475943262,130.4987956005263,5.4143980940070895
259.0,73267.13792594029,27.875841167112664,105.88805049192307,-2.506227704330986,105.88805049192307,5.325245991464787
260.0,77845.91865226068,25.184042559512196,97.19675926013889,-1.4675455305528455,97.19675926013889,5.599243351536587
261.0,78365.51412410519,27.05715435320388,116.4049088765432,-1.6079478368640767,116.4049088765432,5.55999614315534
262.0,94760.59332164405,26.78510999777777,111.73818929047619,-2.445148318666667,111.73818929047619,5.9058362325000004
263.0,81381.52330895836,26.750258504195806,103.21934293058139,-1.5590608777972028,103.21934293058139,5.752859356923078
264.0,108274.36068827545,26.90605020601399,78.27795699,-3.8128928551818184,78.27795699,5.848293910328672
265.0,19900.873494000003,30.3946738125,121.88888888888889,-7.873623662500001,121.88888888888889,3.7531436812500005
266.0,44715.78686978041,29.46081957276595,230.5230311346154,-3.603789983329788,230.5230311346154,4.509656461223404
267.0,6735.365741071999,29.581591034930568,177.37732919315215,-5.337592798770833,177.37732919315215,3.275861626013888
268.0,8120.823322522405,29.8174479113986,185.5058494648624,-7.8018252948671325,185.5058494648624,3.0721022917622376
269.0,39049.31714606228,27.77821054735714,160.10327723181032,-6.346867710164288,160.10327723181032,3.9335004524428556
270.0,18509.24899373821,29.663415140744675,188.34736842236845,-8.944516573244682,188.34736842236845,2.773345190468084
271.0,45074.915157884825,28.143662742747242,270.34276896,-0.7206492718901104,270.34276896,4.896559882230771
272.0,25946.463054988384,29.378840073450693,266.3590379010204,-3.3686387950140846,266.3590379010204,4.177691431288734
273.0,41926.169748888504,29.93546954202797,264.3528929860215,-1.750157496706294,264.3528929860215,4.752960720734266
274.0,73040.35453712115,29.597681115563397,270.1827586195402,-0.46434294357042266,270.1827586195402,5.587858255711268
275.0,45079.86861324182,28.338290616153838,278.87333333333333,-1.9397528802307697,278.87333333333333,4.821583596102563
276.0,20703.912844037004,28.99573866319444,271.18139589215684,-4.4945557072083355,271.18139589215684,3.722678447576389
277.0,22665.87557652535,27.579388281870504,278.64848310322583,-5.584947979654677,278.64848310322583,4.60250563033813
278.0,50127.67108473942,27.211090107642875,280.84090909090907,-4.464750543792856,280.84090909090907,6.050265785878574
279.0,79634.20731009869,29.230153705555562,267.23837353376626,-0.9360533787777775,267.23837353376626,5.7067970261203715
280.0,89516.48064000001,30.10188475,256.25,-2.742610027,256.25,6.4869663
281.0,47059.088662254304,30.35559894973685,267.35662805810813,-2.5330402467631576,267.35662805810813,4.66654022694737
282.0,28199.651099378767,31.38290578870501,195.6029700556701,-5.293948291992806,195.6029700556701,3.665681771330935
283.0,64386.3595139493,31.003960156549287,144.52131099333334,-1.4038458797464792,144.52131099333334,5.21420791425352
284.0,80862.41183492204,30.969485170647474,133.46921568623532,-0.6968278479280573,133.46921568623532,5.745064021489205
285.0,25296.828923743557,30.86665051643358,184.0161546344086,-3.2695487478881105,184.0161546344086,4.084817923811189
286.0,26007.813267005604,30.765451779574473,201.07149292432433,-5.454830268326238,201.07149292432433,3.844854128056738
287.0,27041.664318382318,30.037910204545476,234.90454144655553,-3.961348496405593,234.90454144655553,3.9661197810699305
288.0,60706.18785931705,30.171546716993006,246.25439984297867,-4.028392326118882,246.25439984297867,4.807540413580421
289.0,25362.733789807076,28.422243886311485,281.3888780178082,-4.131567510286884,281.3888780178082,3.9386098006393415
290.0,32134.61098851008,27.063669968802813,162.7028593003158,-5.997416016373237,162.7028593003158,3.8743598683239435
291.0,21054.96937090007,25.344163123680566,227.46268473051722,-8.449451149113473,227.46268473051722,3.2375601207916667
292.0,34840.75601895748,27.146774247338143,253.38886533183677,-4.456607667640289,253.38886533183677,4.08939338857554
293.0,33823.69663842026,27.851380606293716,271.485555556,-2.1433186065104888,271.485555556,4.428381964412588
294.0,82227.92288637676,29.054876143368414,261.5249299735294,-0.6334203516421054,261.5249299735294,5.741083045052631
295.0,31631.72447174118,31.8735946827451,270.9603077829268,-1.9455793538039223,270.9603077829268,4.524516430039215
296.0,70112.4154714659,29.906609239117646,279.3512121236364,98.41659146210783,279.3512121236364,5.774549003156865
297.0,42946.36684387199,28.741869852999994,268.8800419405797,59.80190914843639,268.8800419405797,4.961172798154544
298.0,68266.16872395179,28.19268511071941,271.80857753461544,95.841987633777,271.80857753461544,5.457091928769781
299.0,40938.85624312802,27.5074188388889,251.94081153661975,56.79855179990738,251.94081153661975,4.699031962824074
300.0,47780.50490544279,28.400213410441168,248.09376671910115,65.62792666120583,248.09376671910115,4.747895638132352
301.0,16063.759582218,28.152009173333337,228.69725830000004,18.119525112250003,228.69725830000004,3.2941227983541665
302.0,-655.4213894879999,29.29134890666667,111.18166667000001,-8.693436127933332,111.18166667000001,4.187486175
303.0,33597.753437502004,28.863358288303555,153.55198412857143,-2.763230076660716,153.55198412857143,4.614651170928572
304.0,75755.72471633647,27.620251919366183,157.04275362391306,-0.4508009677676055,157.04275362391306,5.681209460802821
305.0,66290.5458915126,25.46439363858266,155.80712560434785,-1.6712861096771663,155.80712560434785,5.5189956857559075
306.0,54506.05231828002,26.54668712451388,191.24842373411764,-0.6470702128541669,191.24842373411764,5.247738380673612
307.0,71749.51369889965,26.927307462285714,184.94534920533334,-0.7020983978285719,184.94534920533334,5.5951792197571395
308.0,66880.11640445715,27.67940349539682,184.0206349190476,-0.22557421549206347,184.0206349190476,5.506094253841272
309.0,50864.77389390547,28.99485504420453,186.88194444259258,-0.47790676581818164,186.88194444259258,5.2601724834545465
310.0,47147.01511486421,28.342493052000005,182.09421550641028,-1.6367683653285714,182.09421550641028,4.912431750442859
311.0,86642.2760154293,27.772744796433567,186.79042792837836,-0.26922769890209797,186.79042792837836,6.1305500089021
312.0,68701.56604612633,27.065179884859155,184.34918546315785,-1.6295344778309861,184.34918546315785,5.475222496049293
313.0,6961.427310571536,26.084393302093023,189.27756410384615,-4.634269096744186,189.27756410384615,3.34116840544186
314.0,92095.34344182638,28.766404370675758,189.21455662006798,84.06741965647323,189.21455662006798,5.9845201317820855
315.0,17816.477703716566,28.747876680833325,150.6577838826923,-3.966826239309525,150.6577838826923,3.9097230163214296
316.0,34473.39700744955,28.001412223309362,135.00501700595237,-2.6918383382733797,135.00501700595237,4.469100319942443
317.0,14383.426714735528,28.53180463102191,130.63904671636362,-4.693865519605841,130.63904671636362,3.653918704124089
318.0,25098.85758570334,28.482543108195483,150.3457070731818,-4.493700485022557,150.3457070731818,4.015716694533834
319.0,94412.72885954348,27.061976601398605,154.3599883878049,-0.2337994523356643,154.3599883878049,6.019667663475526
320.0,36884.070640231774,24.38541311477476,163.08075721967214,-1.3343222539189192,163.08075721967214,4.650130198324324
321.0,56495.41304162501,26.752015129647894,176.26044217714286,-1.9524135228873214,176.26044217714286,5.134409028795774
322.0,49554.344332628054,27.85878110641791,180.7670454568182,-0.2432695575671642,180.7670454568182,4.911151410865671
323.0,88417.06367839998,25.881928963968242,189.19230769230768,-0.15012620701587304,189.19230769230768,6.284354919126986
324.0,60891.616365270216,26.817903724172652,171.66801402755817,-0.9269840861870502,171.66801402755817,5.296992236035971
325.0,55813.84726209,24.936429543333325,153.81779026179777,-1.4778742824374993,153.81779026179777,5.093066787854167
326.0,73491.00660792201,23.4979458609091,167.09848484848484,-1.1982657722237764,167.09848484848484,5.523566483174824
327.0,47570.935551896124,25.29526243389611,173.59469697045455,-1.3774632508441553,173.59469697045455,4.935001792805193
328.0,86588.57808,24.240814,194.0,-0.222905555,194.0,6.63699985
329.0,60753.86249413162,25.892821822473113,174.96937984418602,-1.9535903485161286,174.96937984418602,5.454469017677418
330.0,53593.990271136994,24.967568362499996,181.0325602961039,-1.0692182084861115,181.0325602961039,5.162600731569445
331.0,63856.91382112231,24.64713022424461,187.75528169014083,-0.57763356623741,187.75528169014083,5.548052943258992
332.0,42051.624814967035,24.695732647131774,178.52824074305556,-2.8302785121840017,178.52824074305556,4.940382156271317
333.0,15592.039005788307,25.93892956569232,172.00783068888887,-2.825185705599999,172.00783068888887,3.954029672646153
334.0,25504.383297687273,28.255295787575758,165.99435483870968,-1.5929639974848484,165.99435483870968,4.269386593515152
335.0,56474.04218162399,23.34623522708333,192.99404762083336,-1.9208482511666667,192.99404762083336,5.410048348291667
336.0,76994.33269764583,24.55181095580951,182.99131944375003,-0.7694170221067963,182.99131944375003,5.857966207838094
337.0,65783.56676318534,25.059901600349658,178.9495884765432,-0.3697706036993009,178.9495884765432,5.532628492951048
338.0,59961.52832415103,23.736877414545443,165.50219298157896,-0.2341862602797203,165.50219298157896,5.4777523184755275
339.0,32281.841562551057,25.861009049220772,173.1117021255319,-2.852678154578946,173.1117021255319,4.245104972649351
340.0,69743.87538069219,27.13417770473684,183.32469733728814,-0.3463247245368421,183.32469733728814,5.538827833989475
341.0,53286.169288180005,26.097364299583315,187.30361445783132,-0.23985970617361113,187.30361445783132,5.321032220923612
342.0,68343.19231745953,26.136583846793897,191.07098965909088,-0.18664102207633587,191.07098965909088,5.692954311664123
343.0,70929.44757863,25.584090989652772,188.79661301126762,-0.3921421310416668,188.79661301126762,5.705569559750002
344.0,40694.99328354536,26.03872074839417,213.34270853551286,-3.703461815437959,213.34270853551286,4.532312024605842
345.0,60582.553555690996,25.741202417638878,193.9764705882353,-0.9982513259930553,193.9764705882353,5.456090655256947
346.0,56984.736144656796,26.588300657887334,196.08494483292682,-3.468548990866196,196.08494483292682,4.953883253387323
347.0,63033.228085897004,25.258236610774652,183.3873873864865,-3.1332149925985915,183.3873873864865,5.116847156936619
348.0,71839.93174687267,25.0303018265493,172.52736726781606,-0.46434723949295764,172.52736726781606,5.6660013458380245
349.0,105321.92069157971,24.921438575563382,161.10184240357142,-0.31379327420422526,161.10184240357142,6.417168597753519
350.0,14132.54013804151,24.166239986853157,97.857380952375,-3.8835497523496523,97.857380952375,3.794032988608393
351.0,64990.144679431,24.098430027986108,54.13907056795182,-2.7943749895763883,54.13907056795182,5.1325687653055585
352.0,58289.37851802734,22.882923996240606,78.30530006520547,-3.456986306649253,78.30530006520547,4.683160580126861
353.0,33494.963595110006,22.822897145664346,125.33030177162792,-4.980673073256945,125.33030177162792,4.158342047520833
354.0,64664.356505486845,24.286381577205887,186.15545509240508,-0.3455825015220587,186.15545509240508,5.552839464617647
355.0,30976.500723965153,23.35292558369046,175.30862068965516,-2.334059280309522,175.30862068965516,4.509248396976191
356.0,30868.64814771031,25.152188129298253,184.13947876216216,-0.9601244616666665,184.13947876216216,4.550105839
357.0,69977.3631709091,22.232544708181816,192.075,-0.21696127863636366,192.075,6.037928211878787
358.0,54686.13615045168,25.385159941223026,181.25886062054792,-1.5910555882158284,181.25886062054792,5.25389171751079
359.0,44246.43127148399,26.687830583124995,193.734444444,-1.379760319263889,193.734444444,4.946281121284722
360.0,42675.44160045079,26.935030376639997,202.82117647058817,-2.68417891812,202.82117647058817,4.7154242846160015
361.0,33617.75053584777,27.070943283169008,177.91452119384616,-4.176257882260565,177.91452119384616,4.387150324732393
362.0,54672.17206533503,26.09186485542372,161.99620253164557,-1.5030854139917351,161.99620253164557,5.084991556082646
363.0,74944.55659940925,24.29893699905983,172.77896825285717,-0.481289417179487,172.77896825285717,5.867252920247868
364.0,52101.3544264222,23.586800247112677,172.57930402820514,-1.4137269164295767,172.57930402820514,5.185827806485914
365.0,44789.08807443345,23.60361809808511,179.5007048855263,-3.384483546830986,179.5007048855263,4.683757620676056
366.0,63162.21865377802,23.063818261597202,187.07049019529413,-0.8171295754583338,187.07049019529413,5.5560679329236144
367.0,56529.04853687383,23.63795931991453,188.66820987962961,-0.6028675743931624,188.66820987962961,5.47881647806838
368.0,48618.23005613698,24.600530372708334,183.74514157162162,-1.846495984430556,183.74514157162162,5.085018055097221
369.0,75223.94603050666,23.681436728120286,192.34918399295776,-0.2927424954074075,192.34918399295776,5.898739986629626
370.0,87236.72345823114,23.48944293957746,190.93342262000002,118.5844693854225,190.93342262000002,5.825046199450703
371.0,89252.97769854285,23.361272134637673,187.35528082948719,125.4573403241367,187.35528082948719,6.084897939460432
372.0,50336.34335818304,25.32363372661157,185.83616522272726,70.3132427817236,185.83616522272726,5.277559148975611
373.0,39487.378490292,25.7959377586111,186.18009994197533,53.774491194625,186.18009994197533,4.4698311662708345
374.0,58565.08311587761,26.463958371583338,185.19946694925372,79.74834832541666,185.19946694925372,4.87415347636667
375.0,113511.35192682945,25.06037781631579,180.8644927536232,159.49900466434212,180.8644927536232,6.460773567166668
376.0,72964.01717757412,24.840193693356653,192.50388471184212,100.98976404537065,192.50388471184212,5.530657566384614
377.0,101002.56640626385,24.256302494748216,190.80249042298848,142.12489020321985,190.80249042298848,6.344676217510637
378.0,117312.50279303009,23.16114476594595,184.2969696969697,165.23005129753423,184.2969696969697,6.925898424657533
379.0,74370.8615286804,24.447245237972034,189.6744852013514,104.62630053048949,189.6744852013514,6.005580146034965
380.0,54109.509526126014,24.91653480819445,187.20561224415584,74.20567713477085,187.20561224415584,5.105367384652778
381.0,44681.19384900857,25.641323342,187.89589169117647,62.500690768758936,187.89589169117647,5.033020535539822
382.0,67572.728275751,25.095351097638897,183.26779835555556,94.54142231500694,183.26779835555556,5.583760884847226
383.0,41112.96033933618,24.915175596597212,189.66313932962962,56.27269864032166,189.66313932962962,4.9566403896433595
384.0,28693.85051631287,23.994156711086955,193.28645502444448,38.13105952151086,193.28645502444448,4.41611420621739
385.0,55002.7280479832,25.27765770809859,192.45354009868416,75.2507765914296,192.45354009868416,5.085664626978875
386.0,94885.04779543278,24.252597501398593,189.75694695569624,132.70698373733566,189.75694695569624,6.061316140601396
387.0,65982.37604091511,25.397471484916665,192.8044884171622,90.07481610173986,192.8044884171622,4.933328281634148
388.0,49815.65459318517,26.239883977235788,184.82696687144926,66.8446936866371,184.82696687144926,4.703786466064518
389.0,56818.05915690587,25.967829727517735,194.72298850574714,77.89843999248936,194.72298850574714,4.951298043879431
390.0,44069.116168488734,27.942245836632644,219.36498435211269,58.363111988878785,219.36498435211269,4.560810980121212
391.0,92095.34344182638,28.766404370675758,189.21455662006798,84.06741965647323,189.21455662006798,5.9845201317820855
392.0,92095.34344182638,28.766404370675758,189.21455662006798,84.06741965647323,189.21455662006798,5.9845201317820855
393.0,73606.3486272,21.52837775,163.0,105.83969499999999,163.0,5.965562425
394.0,51693.01619929799,23.434274444166654,161.70318532837837,68.7549767285785,161.70318532837837,4.673956092675001
395.0,54089.75644827008,24.25538831964539,168.86790540405408,73.37595670035208,168.86790540405408,5.261247858239437
396.0,108747.61602086037,24.916914245980404,186.49704184675323,152.7278717375471,186.49704184675323,6.449721856679243
397.0,65031.77953789741,25.001109715250006,167.7191447979592,89.40124756848753,167.7191447979592,5.167656569300001
398.0,47626.18127095318,24.904501215244753,172.81219512195122,64.85137797498604,172.81219512195122,4.808986971909091
399.0,92887.09662318144,24.97887309721429,179.67636684444443,129.45928544473423,179.67636684444443,5.910041988153848
400.0,98652.48256787588,25.26381902525862,183.33046928840577,138.77712138870686,183.33046928840577,6.307237567224137
401.0,96023.28063578352,25.829973358472216,190.74510281363638,134.91420975062937,190.74510281363638,6.089991983430554
402.0,77219.88671891179,27.076385856293705,193.56967418421053,108.09757363216782,193.56967418421053,5.585219469146854
403.0,52396.14413009224,27.762714738161765,198.59796806385543,72.27993179839703,198.59796806385543,4.9100925400147055
404.0,42410.421177159005,28.87772550335664,142.69931289755812,58.39272399252778,142.69931289755812,4.736117114881946
405.0,65210.857099799156,27.535793458000004,168.01625258913043,90.7117750647902,168.01625258913043,5.360389432587413
406.0,124397.3180797859,27.04841814028169,189.86191268048782,175.00270920719714,189.86191268048782,6.624633976098595
407.0,166116.66143180002,26.207532475347225,195.29369202337662,233.6784979018057,195.29369202337662,7.591511267555557
408.0,118883.99979938031,25.860100529507047,187.2811982391304,167.33305317542252,187.2811982391304,6.767898827922535
409.0,81007.79003725787,25.95751185943264,186.44346230250002,113.41997427672342,186.44346230250002,5.800750239893618
410.0,109475.70972331509,26.922685547013884,189.3656525567901,153.89980875919434,189.3656525567901,6.434252206347223
411.0,44000.03537655399,29.337346342727272,218.0125216259756,58.54658936404863,218.0125216259756,4.389449338090278
412.0,28315.85401719887,30.09503425295775,126.32327130195402,35.514132384964775,126.32327130195402,3.968506372098592
413.0,16658.735476544996,30.750274630277758,135.89441522055557,17.969607684076394,135.89441522055557,3.558362276694444
414.0,35503.97111617487,30.14641979712229,152.067404245,46.7483161504507,152.067404245,4.260478561401411
415.0,102047.96688562776,29.247920378041957,175.26896718108108,142.02295148311885,175.26896718108108,5.995488853867129
416.0,113454.5798997818,28.131447442867117,178.9442857125,159.780210906014,178.9442857125,6.562772572447553
417.0,82812.68838777173,28.276615311928573,176.99756347432435,116.55167569208957,176.99756347432435,5.989158767827339
418.0,94212.83783665896,30.31385753777778,187.44919753111114,131.88327415579863,187.44919753111114,5.804443815965276
419.0,76841.70810845507,31.97215654722223,197.92991596705883,106.11054252804168,197.92991596705883,5.478112635722223
420.0,84032.78127172399,31.706804585874117,201.52187659892473,116.83009804040974,201.52187659892473,5.695748460812499
421.0,49992.69575830598,32.461179956458345,208.28822828559635,66.74876215556944,208.28822828559635,4.508565594513888
422.0,28397.070446967,31.420945807394354,237.61883656196252,36.796232815111104,237.61883656196252,4.275000421611111
423.0,14327.923737161003,30.69710570340277,205.22908111311924,14.854672753395834,205.22908111311924,3.5406254319305557
424.0,50201.53432721848,30.649520051478856,144.1992753622826,68.4590632769296,144.1992753622826,4.8604315839014065
425.0,86653.11336819701,29.540704769652773,178.2821428579546,117.95545262916666,178.2821428579546,5.4271491056458325
426.0,119410.525698944,28.14772261007407,176.30223329651162,168.43817634466672,176.30223329651162,6.710913786881479
427.0,27478.721509365005,29.634945414097192,188.2616758244681,35.193160178361126,188.2616758244681,4.059028727819444
428.0,38381.307193502435,32.61431555021128,215.267587138866,49.43473900583218,215.267587138866,4.222629408202796
429.0,33214.63412762421,33.602731518086934,137.45240963734938,43.54795736079128,137.45240963734938,4.173456998556521
430.0,58676.18537339372,32.637819263695654,131.95370284469388,81.43543190918116,131.95370284469388,5.21241644873188
431.0,47463.545849874994,32.49288642472221,127.052730159,65.83345957009722,127.052730159,4.970691806319444
432.0,66043.286282578,31.43785808965278,139.8891979948421,90.03730811747911,139.8891979948421,4.959846781055557
433.0,42652.42289387637,31.465433273453247,174.92733873617019,56.80035257063308,174.92733873617019,4.500520098978418
434.0,34209.800574630215,32.172012955467636,188.61463467821787,43.662692202633075,188.61463467821787,4.1322221548633085
435.0,48922.951823302305,32.33903840415494,199.76091269666665,66.40274733688024,199.76091269666665,4.680112859781689
436.0,56770.80715492997,32.06636322777777,214.8284126968421,76.88220087189583,214.8284126968421,4.939935465916664
437.0,61823.05054518628,32.50284256890625,222.23851032345678,84.59279278557143,222.23851032345678,5.233834381953127
438.0,85766.19966645801,33.436498888680575,203.64762896874998,118.4298315250416,203.64762896874998,5.925578615215278
439.0,103456.57166332979,32.138517686742425,194.99029784157307,143.00077570842538,194.99029784157307,6.185223148065693
440.0,135477.1076069106,30.189242235142846,185.66607142837833,190.87206966702118,185.66607142837833,7.12002926287234
441.0,79924.15035224012,28.66426169647482,163.94636168988765,112.36385435692958,163.94636168988765,5.811436551774644
442.0,89312.2080833682,29.493045454822695,191.4016813404494,124.67152632509159,191.4016813404494,5.845631500746478
443.0,42818.80376742244,31.059096985594405,189.92980072500004,56.91526566634963,189.92980072500004,4.500376142321682
444.0,71913.84168469894,31.979966619375002,212.56104227448975,96.25673413065972,212.56104227448975,5.471453121104165
445.0,68445.44608898104,31.784674114583343,216.13279735974027,88.19781792288889,216.13279735974027,5.137951951881944
446.0,58105.44893965598,32.174599207361105,202.38650137954548,78.19168275202777,202.38650137954548,4.818662984680555
447.0,35846.57198974435,32.894908423260894,176.23904508219783,46.50762685665943,176.23904508219783,4.242563788623189
448.0,56714.808512858,33.05667909715278,192.5310924372549,67.68002519766667,192.5310924372549,4.793176764041665
449.0,53478.17177005565,32.862157690281684,180.16907053764706,73.84835792705594,180.16907053764706,5.007490985265737
450.0,57681.895793308744,32.79438326340425,189.84151652441858,79.81827662843665,189.84151652441858,5.2895529879014065
451.0,69302.29642842663,33.269623629370635,202.1072888584906,93.9209958856154,202.1072888584906,5.163128161937063
452.0,36071.36019594412,33.757664183357164,192.80472141040818,46.43620978465715,192.80472141040818,4.254637054899999
453.0,28214.867462876628,34.5117366261972,198.09031437699028,35.10092714738029,198.09031437699028,4.062483829704226
454.0,68843.26532819602,35.39548344374101,215.16155603750005,94.11074424509353,215.16155603750005,5.33098262759712
455.0,58433.268154115976,35.26203176618057,246.1514288530392,79.22909766220835,246.1514288530392,5.100447182798612
456.0,38132.53758367504,35.59164902468083,241.35842929873786,47.88029451634509,241.35842929873786,4.030803305957746
457.0,21345.5681695435,34.67868659169013,219.5696752575926,24.71581043385315,219.5696752575926,3.8797292275104893
458.0,56752.90757948442,33.43884929685314,201.73011512197797,75.18387334811192,201.73011512197797,5.006655550746477
459.0,37268.41833207238,34.06260636718311,219.58703102545454,49.265819620328685,219.58703102545454,4.582024718573427
460.0,26412.503850088993,33.67991201368055,180.58069855450447,33.03568672469445,180.58069855450447,4.051128381652777
461.0,35899.70793423758,34.28862466481751,182.81425071128712,46.83929176627535,182.81425071128712,4.457237512514491
462.0,63586.428447645005,34.46150156756946,203.07433862510416,86.30083443510416,203.07433862510416,5.210092596930555
463.0,32923.83235536203,34.497426675104876,174.4034862637931,41.801511863433525,174.4034862637931,4.3192817168461515
464.0,43311.55940109227,33.61766264676057,181.9297829249565,56.94588450794364,181.9297829249565,4.531472709929576
465.0,33858.659645850916,33.90319131852113,176.18672406410715,43.46151770458453,176.18672406410715,4.3139209032183095
466.0,38979.57503424302,34.81046640062502,176.5913822731776,45.177793202972225,176.5913822731776,4.458147247590278
467.0,40266.313175318,34.84110934604165,179.0697135438532,51.40472989729167,179.0697135438532,4.6391241406249994
468.0,28889.650479550994,34.3977729061111,187.78612722859808,36.84908555703469,187.78612722859808,4.173210930875003
469.0,47421.63103292638,35.84998620307143,221.05275613333336,61.74698496737145,221.05275613333336,4.689484023257142
470.0,61253.13529852426,35.482703997042286,227.07215847941177,81.50270736902112,227.07215847941177,4.877409428077466
471.0,59598.052037759,34.65755067319446,223.2103771582301,79.12492041031945,223.2103771582301,4.7372314284722234
472.0,46024.05916340525,31.91392465146789,210.4083909624419,59.5147624442661,210.4083909624419,4.689992037743117
473.0,54290.69646347134,33.24741404517731,203.85472948911504,70.40234074220565,203.85472948911504,4.432519043978724
474.0,54542.22915489001,33.46820375666667,215.72183310813557,71.9992908268889,215.72183310813557,4.618487993812499
475.0,57886.988537159006,32.728702165416685,226.7825584018868,76.68869589530547,226.7825584018868,4.826844322638889
476.0,25569.14010541101,34.19712589194441,172.03835338455994,30.276546297868062,172.03835338455994,3.9085923178749997
477.0,14637.527871192537,31.880503039407415,202.77083869702702,11.962197318162966,202.77083869702702,3.86895309374074
478.0,56036.638067567284,32.26900026409093,172.15935185188886,76.8131192755846,172.15935185188886,4.602797990674243
479.0,58341.09945833299,33.41073310326386,184.84069621287128,80.06329585379162,184.84069621287128,5.1477882105347215
480.0,64573.10160312799,35.0578571013889,194.10758468350517,89.4874787040764,194.10758468350517,5.217685823159723
481.0,35052.941121326,35.65557963159723,204.1835828835051,44.73813746978471,204.1835828835051,4.261344901687499
482.0,73149.077956486,35.58486193902778,185.20707317770828,99.64924823903468,185.20707317770828,5.340905802083335
483.0,39619.89201104001,35.56723780104168,205.13807703112147,51.1150369521111,205.13807703112147,4.324748251472221
484.0,28845.429327672,34.891631205944066,192.73954055523853,35.103484918291656,192.73954055523853,3.826233572034722
485.0,99566.66863179601,31.89159076666667,156.87982609676473,130.0708365827639,156.87982609676473,6.427829294388891
486.0,130270.50920548907,31.704509482027973,220.61044973552222,182.73559670687942,220.61044973552222,6.987477091097901
487.0,222377.16465679999,32.33260939013891,302.8063400734177,313.4923847465276,302.8063400734177,9.110566027555555
488.0,148869.340734663,32.509291490347216,251.21994680851063,209.38947989166672,251.21994680851063,7.4235555029375
489.0,99073.88130397396,32.65270466055557,175.54318783068518,137.38324026490272,175.54318783068518,5.6884379841319435
490.0,66625.55613704602,34.898354371111104,106.35839323157549,89.76294231661805,106.35839323157549,4.850179663395834
491.0,74019.37719843898,36.37370644916668,172.95450083473682,100.89424919588197,172.95450083473682,5.078758944340279
492.0,150198.66736950006,35.17668996333334,245.52859691155962,211.09035923104167,245.52859691155962,7.345256365868053
493.0,191523.6516794742,32.370381594270846,216.99303902304166,269.794793556322,216.99303902304166,8.327468208228815
494.0,128374.10527314263,34.249924845972224,162.0362498070874,180.60465253552442,162.0362498070874,6.834071873783216
495.0,52322.44036256079,36.24103692733814,227.8127718999074,70.35380705584888,227.8127718999074,4.6325486860863325
496.0,79098.1359957,33.15917697718751,330.5725672913044,111.03023815031248,330.5725672913044,5.928672867718748
497.0,92095.34344182638,28.766404370675758,189.21455662006798,84.06741965647323,189.21455662006798,5.9845201317820855
498.0,97634.73721123667,33.28938705040001,221.50126401453124,134.19257615970972,221.50126401453124,5.935822431440859
499.0,59326.16136256154,34.13664282955223,168.68822751365627,81.31186020688061,168.68822751365627,4.8779679522014945
500.0,62194.02982164813,33.887034434384624,230.10174259281555,84.92851613742104,230.10174259281555,5.245846689842107
501.0,28537.773236906,35.80506637638891,203.878247965042,35.1061134027708,203.878247965042,3.8954458283194437
502.0,35708.066729446335,34.359732239007094,249.12857948214284,44.48134518383102,249.12857948214284,4.477623201971829
503.0,40177.821567364364,35.97459688464913,189.9534155333333,53.530175338818175,189.9534155333333,4.412228545909092
504.0,32841.69999093602,37.054073760972216,223.91866148638903,42.40493100002778,223.91866148638903,4.204447082465279
505.0,19532.361338512237,37.02158433205673,216.4617187825243,22.554970850978876,216.4617187825243,3.593537053929579
506.0,44405.566246723014,36.27326035458335,244.57710352530978,59.42559574192361,244.57710352530978,4.591735626506942
507.0,25273.531811162597,35.66050432463769,144.11523659811323,31.084730708316542,144.11523659811323,4.0115542945827345
508.0,52282.86570716301,35.09749541187502,235.39848207323536,68.62172591580556,235.39848207323536,4.613840568159721
509.0,46628.987907399,34.243342932500006,145.76097604637928,61.10573777045137,145.76097604637928,4.504095531722223
510.0,83035.35183855795,34.88438095576388,186.3905319710925,113.62394324504864,186.3905319710925,5.25736733588889
511.0,88957.70724365466,35.678584932673274,192.92456182910112,121.22527141364364,192.92456182910112,5.684459607970296
512.0,92095.34344182638,28.766404370675758,189.21455662006798,84.06741965647323,189.21455662006798,5.9845201317820855
513.0,92095.34344182638,28.766404370675758,189.21455662006798,84.06741965647323,189.21455662006798,5.9845201317820855
514.0,21164.321739258943,37.693933053157885,296.906666668,26.100941745473687,296.906666668,3.9136083959736836
515.0,42061.49923554556,34.24199662453608,193.08167481688312,57.133615665298954,193.08167481688312,4.597779978298968
516.0,85130.51365610599,33.01009821541669,249.68117122971702,114.72130917309725,249.68117122971702,5.972885664909722
517.0,69512.48010384972,34.7714067248951,141.83364188361261,93.57499499056641,141.83364188361261,5.140220442713289
518.0,131772.65680933703,31.103541423819447,270.2970533268182,182.38387686570823,270.2970533268182,6.973476019763893
519.0,94288.53227911402,30.728047534097236,214.87992311475,132.00140299283328,214.87992311475,6.251396107520832
520.0,85485.420313156,32.14658996548613,208.5442857142353,119.94546776188193,208.5442857142353,5.834836556979161
521.0,67206.82770700063,33.49292291902098,235.51266233972726,91.7744909535944,235.51266233972726,5.045448563461538
522.0,46811.286955071,32.90569193166667,173.59699395876106,61.99132848982639,173.59699395876106,4.415365769729167
523.0,55279.956269681374,34.00986681785717,187.30979245796462,73.74233684100707,187.30979245796462,4.599007905007093
524.0,40159.30234785518,33.09777331982758,105.52999292342044,50.2731270500086,105.52999292342044,3.88703817985345
525.0,80215.7127897336,32.47957337708334,206.86356885568316,108.39773969083332,206.86356885568316,6.194495760458332
526.0,39340.512457289704,32.48813072299269,302.96705913296705,54.353918793391315,302.96705913296705,4.408637411405798
527.0,75812.0991928,32.52993798194445,314.262938912,105.90588239749307,314.262938912,5.350130036430556
528.0,175503.99539311,31.23693849553029,328.2814123375,246.95662959398624,328.2814123375,7.917589873319443
529.0,143139.571532607,30.902760238194432,307.4045566494252,201.40707952810422,307.4045566494252,7.155792812631946
530.0,201005.7073141889,31.2218010218881,332.89705651648353,282.9226657142361,332.89705651648353,8.545957234131945
531.0,223023.69744879985,32.25032826056738,327.3773420480392,312.531126491049,327.3773420480392,8.950204473545451
532.0,165241.07908170007,32.61187142305555,240.88627865888893,232.70705591659714,240.88627865888893,8.024556733423614
533.0,192097.1143672,32.44169504333335,226.59171825752688,270.5607252313888,226.59171825752688,8.469712502138883
534.0,161050.80648219996,32.15581295548611,252.33830005125805,226.7176327025,252.33830005125805,8.03200679470833
535.0,188438.34507910002,32.34679850013889,292.69668871222217,265.72142362076374,292.69668871222217,8.36924770240278
536.0,221886.09078377142,31.56888424666666,310.3301218139535,311.7739654714286,310.3301218139535,8.986692185238097
537.0,170648.455296,27.577284945000002,346.0,242.10190366666666,346.0,7.690834617499999
538.0,85938.12775181865,30.190062646382973,154.0113215003077,117.36372713559997,154.0113215003077,5.696582197073684
539.0,84614.41549621201,29.488415450486116,231.19138888922228,117.18615133065282,231.19138888922228,5.706701403472221
540.0,88257.6538110982,30.20485557840278,229.29197627626365,123.79623380104192,229.29197627626365,5.921827395510489
541.0,121645.71398084998,31.506108140208326,254.80386904866998,165.16628643305552,254.80386904866998,6.7387007364722225
542.0,222079.80795490515,30.451659513851855,310.26559561326536,289.807891048029,310.26559561326536,8.954428870635038
543.0,241254.81661799998,30.198871960624974,313.08194561978024,339.0714518486109,313.08194561978024,10.115342711944443
544.0,242131.73013799993,29.80435489986111,273.56175958187805,341.3038324263888,273.56175958187805,11.11159194592361
545.0,241863.24144703732,29.36130630773109,297.31851851904764,340.6793337846441,297.31851851904764,10.752845380584743
546.0,233640.5689435666,28.40631156486487,313.43429364084506,327.8277008653571,313.43429364084506,11.076890167571431
547.0,241061.942442219,29.84031720352941,307.55638457085365,339.6317879131387,307.55638457085365,9.945782592722619
548.0,246224.09129516626,29.98935616359156,314.3827499280899,346.8343028556339,314.3827499280899,10.6622651471338
549.0,232967.2154861,30.31854337055555,299.66110986551723,328.20571122986115,299.66110986551723,10.159721990000001
550.0,223875.2377506001,30.947018394722217,334.16213002765966,315.44211588923594,334.16213002765966,10.371804359798611
551.0,223165.52058605215,29.63866938463237,334.72621251944446,314.443880297826,334.72621251944446,10.113877837224637
552.0,227371.2427339999,29.85344089652778,339.4008297418605,320.3757165256945,339.4008297418605,10.0490261065625
553.0,220393.6544673,30.61450970562499,328.19054918023255,310.3027760296528,328.19054918023255,10.030765746208335
554.0,210944.47900159995,30.363239499236116,338.18040021999997,297.41454065312513,338.18040021999997,10.148474550465284
555.0,225799.83956709996,29.650341687222223,317.0823818064516,317.90115990625014,317.0823818064516,9.979335986423616
556.0,223201.07212509995,29.95333625201388,338.62995205,314.53990468597226,338.62995205,10.27448868040278
557.0,226990.80023199992,29.713806467500017,307.2521783188298,319.81756961319434,307.2521783188298,10.222444277416669
558.0,143591.66688466573,30.364112071478868,254.71547619213482,202.36664015069923,254.71547619213482,7.2226003222517425
559.0,126638.17640945359,31.240027547588657,240.43575244351854,178.31419276595747,240.43575244351854,6.948635755553191
560.0,158325.47703068992,30.28528185458333,292.05205513789474,222.13590750688886,292.05205513789474,7.510690698576391
561.0,160975.36584464,30.640652319160854,250.62251190439997,226.58517453634724,250.62251190439997,7.493198958701386
562.0,131833.86412028997,29.860606234791664,169.5137289543333,185.32811462024992,169.5137289543333,6.900846084381945
563.0,124486.09101590008,29.987853869305564,118.91251352818182,175.29145011416668,118.91251352818182,6.723263644458338
564.0,131706.77531398291,30.53315609972223,153.5691285252427,185.07956019509726,153.5691285252427,6.69053057684722
565.0,80866.01225827006,29.154791922777754,301.7426890764706,113.34283497109723,301.7426890764706,5.823224451777776
566.0,57418.93728649303,28.504879430486085,272.56883180289475,77.62634789643747,272.56883180289475,4.840070484729164
567.0,32502.17926306473,28.89866154409722,243.75642708841121,41.41882546812589,243.75642708841121,4.077570250209792
568.0,73304.97328406802,28.55591709791667,328.6951086967391,102.75348364971522,328.6951086967391,5.590233037430557
569.0,176278.39667442994,27.93939595453238,333.3944650597403,248.42122383520825,333.3944650597403,7.8381781107777755
570.0,179542.83603989962,29.43367502830883,317.552639128518,252.81866799583938,317.552639128518,8.109059035452555
571.0,223866.8215801898,29.402145072074077,321.9017543855264,315.19622632518,321.9017543855264,9.012104645302157
572.0,232315.88414778962,27.785034204765612,300.1606617647059,325.6077287233084,300.1606617647059,9.460799716932836
573.0,246769.6069591048,28.562741502554754,333.3390958988506,347.89821446713256,333.3390958988506,11.276336810069921
574.0,239593.72548000002,27.71279154555555,331.0905740369863,335.19105653819446,331.0905740369863,10.495839313812501
575.0,232678.0708784,28.48481478666666,326.71608668846153,327.49021771944433,326.71608668846153,10.04749018242361
576.0,206330.21794624807,27.852689649811317,341.14352040714283,290.53490173805545,341.14352040714283,9.839042602972727
577.0,229161.6376479441,30.186349883985503,291.3325033627215,322.7255068181819,291.3325033627215,9.600904529594407
578.0,238885.76666622856,29.430674748999998,317.59980376703294,336.6493705292858,317.59980376703294,10.507979675714289
579.0,215826.04539429996,27.657098526875007,293.5872311822581,304.27670248819436,293.5872311822581,8.974732357666664
580.0,236271.73086859996,29.077707904236117,335.7560327771428,333.0003287305555,335.7560327771428,10.497423528916668
581.0,242749.29192640007,28.727040375069446,342.01044740222227,341.98623889930536,342.01044740222227,11.394654885555553
582.0,246971.76144685716,28.581392757454548,342.46621281612903,347.9098498735295,342.46621281612903,14.190081089389832
583.0,245426.8991877098,26.891567752098762,342.9079787212766,345.5949403450618,342.9079787212766,12.280628684987178
584.0,245291.2344414047,27.090485546573433,338.82874999999996,344.90556881692294,338.82874999999996,13.063642899475518
585.0,221398.0028211833,28.621164700419577,337.25420795232554,308.3686382770421,337.25420795232554,12.017213704944448
586.0,212859.600725623,29.009155821928566,334.52937674941177,299.94593627142854,334.52937674941177,10.005630507350006
587.0,243067.927589,28.852247327622397,339.79450793599995,342.3136628395832,339.79450793599995,10.57327999594445
588.0,246440.1403399999,29.426061235208333,251.27014079635,347.36007230208327,251.27014079635,10.571314899131945
589.0,233639.39711399993,29.242376508321687,250.66059446428568,329.1532787930557,250.66059446428568,9.33948135173611
590.0,220508.77080321117,29.156839799507036,261.2212184870588,310.5420579778169,261.2212184870588,9.0321543529155
591.0,203448.79945663107,28.87515041657143,314.6761516554347,286.82107096830987,314.6761516554347,8.570473444042255
592.0,207756.89715079998,28.59420250381945,268.9657768158586,290.64054769409745,268.9657768158586,8.725724992576392
593.0,139410.38119944846,28.916663872198573,200.14116785583332,195.96357305318182,200.14116785583332,7.185039731160839
594.0,109731.18026686403,28.302532090833335,191.4000776393478,153.921031407125,191.4000776393478,6.456465719965276
595.0,67463.76731969301,25.535973747430557,330.11852240882354,94.71901819276388,330.11852240882354,5.719419986395832
596.0,66822.519553612,27.70356514090277,193.3551507140404,93.28229596722923,193.3551507140404,5.433578470187503
597.0,108031.45059505999,26.92301026361111,264.04144620864196,151.59576317830562,264.04144620864196,6.268676278243057
598.0,113933.16325314148,26.336441189574455,110.08899535402439,159.82710518983092,110.08899535402439,6.535040249380281
599.0,96643.13222812,26.093562779166668,249.25508701602413,133.89656066575003,249.25508701602413,6.0558756426527784
600.0,192233.78383797075,28.38973912658536,215.24688889026666,270.8963905915448,215.24688889026666,8.300212072658539
601.0,194006.1641268766,27.830231130642858,293.1136150234788,273.18974766148955,293.1136150234788,8.276912603588654
602.0,206845.4306397913,28.667589147080292,312.9519709,291.286616731884,312.9519709,8.527061145949272
603.0,146600.16285790014,28.948110979722216,298.5146084098901,205.8031936064582,298.5146084098901,7.327949694090281
604.0,163707.82795375,29.698192124305542,329.21316695301203,230.70847013749997,329.21316695301203,7.75998342902778
605.0,84254.97186301595,29.086899881538468,279.1900075981915,117.46715222644758,279.1900075981915,5.819360571685313
606.0,155039.10355196,29.87566742152778,301.0393217909091,218.3424483991111,301.0393217909091,7.504034079805556
607.0,240420.63504049997,28.930178171875014,311.94750421666663,338.7063297951388,311.94750421666663,9.793766322999998
608.0,209085.7666762472,27.134352174545473,189.15895990024563,294.8870500562727,189.15895990024563,8.663976346800004
609.0,99177.33617057795,27.253906297829463,297.42192118275864,139.48984034534482,297.42192118275864,6.374423967086204
610.0,233473.4462462075,29.111524856488543,338.9493371215909,328.80442767661646,338.9493371215909,9.426297872563904
611.0,241461.28337739586,27.473235124071422,286.3881867138095,340.18426758446793,286.3881867138095,9.886527337269504
612.0,242256.170287,27.301695533958345,335.0018552883117,341.3953021451388,335.0018552883117,10.349977108881943
613.0,245860.2028172571,28.336054656546768,332.9007265360465,346.5790229192858,332.9007265360465,11.328076162821434
614.0,244827.19684399996,28.623158659236115,301.43313964095887,344.98506875763894,301.43313964095887,11.25627034692361
615.0,231238.60886914286,29.22061865412699,288.6514957269231,326.09623585317456,288.6514957269231,10.141620078341274
616.0,92095.34344182638,28.766404370675758,189.21455662006798,84.06741965647323,189.21455662006798,5.9845201317820855
617.0,231020.65165073684,29.292496914533306,342.1866359451613,325.517752561842,342.1866359451613,9.629214258157893
618.0,182840.872365,29.555484579236097,302.18481808539326,257.30678756562503,302.18481808539326,8.109652848479163
619.0,163700.458435098,29.571070137446796,212.87049774777776,230.57140426382983,212.87049774777776,7.858606442049645
620.0,209587.04381769995,29.378125878611108,290.07597153908046,295.1793186500002,290.07597153908046,8.603497125305559
621.0,201464.87518760003,29.81983426979019,288.1372779682143,283.6351603177083,288.1372779682143,8.353121376729167
622.0,93254.29717050558,29.059961523732397,177.48615565218367,130.091935485507,177.48615565218367,5.995069260605633
623.0,93988.94183240217,28.011286862413794,210.98228291470588,131.50191425091526,210.98228291470588,6.415162405305084
624.0,116962.61509600202,29.070084004358968,130.2416666631579,162.42303376324995,130.2416666631579,6.292872603625001
625.0,59476.87470907015,25.58470406950981,234.09435028135593,78.38590408737863,234.09435028135593,4.976042277504856
626.0,50552.780612008675,26.332253306564898,185.25971107516855,69.07991344160307,185.25971107516855,5.017970390061067
627.0,24536.13062625771,25.516273663714298,218.52119573959183,27.671593007000002,218.52119573959183,3.44658220745
628.0,29325.421498639,27.315830711874995,209.27416666624995,37.88843832252083,209.27416666624995,4.101571751270835
629.0,18464.11807135458,28.199621471406257,157.74583333055554,22.55216943972308,157.74583333055554,4.046655219923077
630.0,-418.8873767904,26.711154826,201.82142857142858,-7.7913421945999985,201.82142857142858,2.9699441592999998
631.0,22511.692433368127,28.188196923906254,155.0788066995652,28.59957685238281,155.0788066995652,4.0046170471875
632.0,31197.71400711798,27.796050434027784,220.31176366744444,39.35543772980557,220.31176366744444,4.049997145875
633.0,47760.15029809301,27.671177179444456,193.82264012108905,63.43496590499304,193.82264012108905,4.346846381090275
634.0,13886.667722561004,28.6357853936111,192.05828882887846,14.162943975027789,192.05828882887846,3.437717223618055
635.0,8702.473096373074,28.742806268098594,188.63646845625,5.126480222626762,188.63646845625,2.919793121098589
636.0,16676.940808857154,29.339693360152662,208.31142026744186,19.764673641374046,208.31142026744186,3.784236443740458
637.0,26414.75046746879,29.03714944268658,210.89471947227722,34.85212700071851,210.89471947227722,4.241747524437034
638.0,23939.75178222794,29.832293603758863,205.33140040967743,30.450625637225354,205.33140040967743,4.16492569240141
639.0,9316.767952331997,29.485266250882347,195.2143973220833,6.5261467245367655,195.2143973220833,3.6552770318897068
640.0,16562.466112089005,29.331986673076926,144.19245283018867,19.020637314652774,144.19245283018867,3.6930990524097203
641.0,13696.879992452808,28.386529976643367,173.02065638008483,12.024983452307692,173.02065638008483,3.2151333207202804
642.0,14173.083493895021,28.305293306599996,121.81954642639776,14.69685899859184,121.81954642639776,3.392098953193877
643.0,28740.773397698744,28.734408190400003,169.05066666800002,37.749034837942844,169.05066666800002,4.358809016542857
644.0,11218.209225395296,29.883177731212125,285.82123656129033,9.9448688955,285.82123656129033,3.26069380317647
645.0,14127.825042487844,28.4351979125532,320.1459183714286,16.905355367081643,320.1459183714286,3.7005267626938783
646.0,1283.1930423610436,31.801348072173912,186.5343779672222,-6.796381390826087,186.5343779672222,2.4705019412608697
647.0,23667.814198259268,28.57971632263157,160.6357761283333,25.734466235183675,160.6357761283333,3.4028681848775513
648.0,14117.074092347892,28.163889948380923,210.5173751794681,13.573964093442479,210.5173751794681,3.2138487607610613
649.0,8576.920281362234,27.878938964999996,167.82769492483516,9.527642959398232,167.82769492483516,3.2026256509767435
650.0,22658.142707248997,29.098123513680548,158.0390583688542,27.438869962673603,158.0390583688542,3.7599706599166662
651.0,26483.219126966334,29.14773934028986,155.43318815365856,34.422571895007174,155.43318815365856,4.19474240533813
652.0,33347.487876495004,28.956199009444447,141.5130206574227,44.33642332608333,141.5130206574227,4.276392466159724
653.0,45916.367141376024,27.530325230220583,147.09235090786518,63.02856909563194,147.09235090786518,4.690161061736112
654.0,41201.680434324924,23.62976833,136.16666666625,55.219482986846145,136.16666666625,4.654109495923077
655.0,92095.34344182638,28.766404370675758,189.21455662006798,84.06741965647323,189.21455662006798,5.9845201317820855
656.0,92095.34344182638,28.766404370675758,189.21455662006798,84.06741965647323,189.21455662006798,5.9845201317820855
657.0,92095.34344182638,28.766404370675758,189.21455662006798,84.06741965647323,189.21455662006798,5.9845201317820855
658.0,92095.34344182638,28.766404370675758,189.21455662006798,84.06741965647323,189.21455662006798,5.9845201317820855
659.0,1985.0861880720008,24.645021166499994,138.8383801385641,-4.3037557428749995,138.8383801385641,2.3814810952
660.0,-30.77985868061585,25.172602598089888,120.62926136363636,-8.894308063329671,120.62926136363636,2.7651769724065933
661.0,37769.729777601715,26.3621108576415,266.631426009828,50.51160948503192,266.631426009828,4.561327285510639
662.0,41217.57499712704,27.733908136960782,285.57496206698113,53.97733816705606,285.57496206698113,4.344379299859814
663.0,15711.305021549995,26.870255706619723,252.85535714305556,20.51758896990278,252.85535714305556,3.905067680777777
664.0,25831.706896040865,28.47668663247313,200.54415035380435,31.09889885977174,200.54415035380435,4.112277801728261
665.0,-790.4039788800001,30.579849265,105.6,-9.797319372499999,105.6,2.8439807925
666.0,49572.143805922475,26.268149921549288,164.98732394366195,69.31755786680277,164.98732394366195,5.140425689704226
667.0,36003.106740522024,25.705391557794123,147.95183531666666,49.033816833749995,147.95183531666666,4.634329797326388
668.0,90378.75918691001,28.766404370675758,156.91299463521125,127.21281230911806,156.91299463521125,6.1566359196597205
669.0,69069.26644709999,26.196521878210532,172.29096395555558,97.2995436404167,172.29096395555558,5.856256898354165
670.0,48153.53808760505,27.009882860625012,178.7772738398602,66.55766814034725,178.7772738398602,5.126545432333333
671.0,35741.57319837768,27.33067359860464,168.03351456220472,47.84965712744189,168.03351456220472,4.490837753015502
672.0,27359.473717923986,27.867141787291683,173.03847541398602,35.99222324038889,173.03847541398602,4.369805458972222
673.0,3336.0855385810005,29.440868563749998,164.0592496914788,-2.2485656954166675,164.0592496914788,2.6873385182152774
674.0,4708.217915108002,29.26333016444444,146.8269619269231,2.0926061602361106,146.8269619269231,3.025144375270834
675.0,8882.810811447998,29.01766624881945,157.22613027999998,6.893531992118057,157.22613027999998,3.0705735825138882
676.0,6344.840733508001,29.159324705000003,176.91562540048946,2.0377394142777767,176.91562540048946,2.9766894694097226
677.0,4912.641113108157,29.160189617222215,195.80877778640772,-0.5737004850839682,195.80877778640772,2.779754873389314
678.0,11073.994269596082,27.192895423018875,198.4131779104167,11.05322835222449,198.4131779104167,3.3913261413877556
679.0,26779.425845977014,28.753628989305575,145.17594072594406,34.52429090120833,145.17594072594406,4.185349859097221
680.0,39444.302283258,27.299765305972226,167.01624572535215,53.90137784486111,167.01624572535215,4.794114445118054
681.0,42517.612513693006,26.853990237152786,170.19657842237763,59.17600236538892,170.19657842237763,4.798494430305555
682.0,40348.87926165099,26.212366629791667,162.521058928169,54.694804730798616,162.521058928169,4.587640253812499
683.0,22180.187521500833,24.145575418380275,154.1343541048592,26.891207941338028,154.1343541048592,3.734693000373241
684.0,33526.467074361804,24.074476929416065,147.91247207555554,43.58347066232118,147.91247207555554,4.132761623299271
685.0,33428.903058285854,26.224972960977446,163.3934114870229,45.075521427149255,163.3934114870229,4.877045537149254
686.0,18554.229879439994,27.279479166527775,161.4010664673611,22.90367814309722,161.4010664673611,3.8968215175694456
687.0,54928.172187590586,26.638327753233092,163.1016024480916,75.66756083012785,163.1016024480916,5.010102238909773
688.0,23380.561817429996,25.316111239861115,162.07370583916085,30.155000182743045,162.07370583916085,4.0614805916597225
689.0,50846.56198368099,25.79824376375001,163.854018556338,70.86605420420142,163.854018556338,5.196113957173611
690.0,59430.154255088004,25.602058519722213,155.18435094930553,83.4331826418472,155.18435094930553,5.339659775951387
691.0,72665.7945218,25.145042731319442,160.82799575211268,102.186189941875,160.82799575211268,5.817848511083336
692.0,55622.43329997001,24.905797926944448,167.72364066170215,78.30332758937499,167.72364066170215,5.385479473930558
693.0,48706.27093693098,24.908799749166675,160.46726083028167,67.69732668574302,160.46726083028167,5.107547263131944
694.0,62115.30760417702,24.54606134833334,166.42421473239438,86.68613893651388,166.42421473239438,5.3902252318472215
695.0,79074.24072274598,25.02035729993055,149.7869531986014,109.82520870409728,149.7869531986014,5.592537495743055
696.0,47345.57822886,25.030388959583348,155.79973435594408,63.91736440547223,155.79973435594408,4.891047608819443
697.0,50096.92831672702,24.762841705625,164.62669552651516,70.10705756780557,164.62669552651516,5.179854498097222
698.0,67096.81986220997,25.544596627847213,163.54851482279412,94.34357638293052,163.54851482279412,5.686365728499998
699.0,35621.67985045996,24.57138718099236,159.9040853457627,48.7248070780916,159.9040853457627,4.8303441945343515
700.0,92464.51504375,22.918854098750014,147.6403061218045,128.58010511118061,147.6403061218045,6.080507582944444
701.0,43891.14587458066,24.06817690983871,162.5605121301887,61.633577007741934,162.5605121301887,5.060355672999999
702.0,66043.80059542123,24.284944979075632,150.8367633188119,92.70677275473913,150.8367633188119,5.674156901052175
703.0,100123.46754076013,24.678087827557263,168.88319140437957,140.25389504666657,168.88319140437957,6.340243360215278
704.0,33829.52530931299,24.10366508069444,159.08441734471546,47.246439643159704,159.08441734471546,4.772663985986112
705.0,471.7345063927496,23.116205794297507,164.8673076923077,-6.932801259503877,164.8673076923077,4.164909277325582
706.0,-565.6184469628654,22.607544263819435,172.41997429617186,-7.2623318872816895,172.41997429617186,3.0423028942430546
707.0,0.0,23.248468291180558,188.0,0.0,188.0,4.797691833291665
708.0,0.0,24.13808655659724,188.0,0.0,188.0,4.885888115791664
709.0,0.0,24.192419378402775,188.0,0.0,188.0,4.577548477687503
710.0,-68.02480546169492,25.13683763297297,185.06578947368422,-1.6497292215396824,185.06578947368422,3.982511656849316
711.0,67165.50731505701,24.301735480486116,179.9960039962121,92.37336201400002,179.9960039962121,5.532451842430554
712.0,49319.93575442128,24.901643561549307,174.36295981269842,68.17987968862678,174.36295981269842,4.956323970112676
713.0,74404.80203160892,24.677356803611115,166.19082033982306,104.25829012889515,166.19082033982306,5.599767178411293
714.0,40561.072862033994,24.585091707847234,172.65396150650406,55.7180459542361,172.65396150650406,4.838246051041668
715.0,52331.94055699502,23.78015568881944,171.03440476153847,72.1935557374166,171.03440476153847,5.060746474965274
716.0,78730.362396485,24.514901112291668,170.91498917727273,110.22967756709028,170.91498917727273,5.766387457194448
717.0,40225.69248553201,23.254661786875005,161.41452525200003,55.33036394320138,161.41452525200003,4.771007159729167
718.0,49394.575462955836,24.281092256267595,173.74942748091598,68.57115045940141,173.74942748091598,5.150904748549293
719.0,42120.40112504973,24.749346416111123,175.83466748793103,57.67241689873846,175.83466748793103,4.741936131569229
720.0,76985.76420657098,24.469636708958344,172.23043306821705,105.54101457186808,172.23043306821705,5.747689438243057
721.0,70245.48903149902,24.067774191597216,170.09576547857142,98.09451860454168,170.09576547857142,5.584082745159722
722.0,69740.41562946995,23.637668546319453,173.51956626692305,97.86979281445137,173.51956626692305,5.644651696805554
723.0,69578.05616694,24.15276170472222,169.90652730676695,96.92934293982637,169.90652730676695,5.547810359701394
724.0,76095.08539052997,24.826688851388898,174.46043256946564,106.98374169280555,174.46043256946564,5.900424403020831
725.0,63771.0007698941,25.031684051612913,174.29704506875,87.68185073353224,174.29704506875,5.211340897129036
726.0,55004.590317007,25.051706439166665,172.25019854244601,76.03672304822221,172.25019854244601,5.084845893284722
727.0,87231.60848420003,24.162564856041673,175.82189842601628,122.71125159090278,175.82189842601628,6.232515315409721
728.0,85843.418147767,24.013590071249997,172.5027718537314,117.49772308068746,172.5027718537314,5.9093083074583355
729.0,112653.45916369997,23.7553227275,181.04648481496062,158.49922663215278,181.04648481496062,6.567803777777778
730.0,107461.41170485991,24.545778641527775,182.24372375074623,149.67983196472218,182.24372375074623,6.4524061470625
731.0,96039.42532364998,25.345472614722222,181.9587112634921,135.30523649152778,181.9587112634921,6.415903299833332
732.0,62099.805598555,25.522511130416653,176.00468073636367,85.60002931604163,176.00468073636367,5.247258248020832
733.0,32869.193625262924,27.2597842242361,184.36737875,43.27080665497779,184.36737875,4.230474584451853
734.0,41192.748411623004,27.641547409930556,171.42876957231343,54.63083891897917,171.42876957231343,4.366271796465278
735.0,92621.30921269994,24.132682319166662,160.34572144586463,130.4209729120139,160.34572144586463,6.24013195136805
736.0,70329.4260622757,24.11759705569444,157.69254816335877,99.01155009776978,157.69254816335877,5.641061515863312
737.0,78747.07789011698,23.891461372916652,172.855925119084,110.14530293963196,172.855925119084,5.738207799631943
738.0,57574.444266692,25.022710855972214,179.18690259921263,80.14727675203473,179.18690259921263,5.159564825513891
739.0,89653.97547554798,25.205680699236094,177.07479765413532,121.38711541711807,177.07479765413532,5.572702346645834
740.0,99063.35111751998,23.98177052090277,177.17612324545456,139.31009037227082,177.17612324545456,6.431192687833336
741.0,60020.94785581602,24.43794745659723,178.31130490930235,84.1549870953125,178.31130490930235,5.44363132604861
742.0,24475.43424915401,24.908824452083323,176.82196917463767,32.6554769641111,176.82196917463767,4.234015211305557
743.0,51157.569532609,26.001046437152787,182.44990913428572,68.45335255127084,182.44990913428572,4.694650504972222
744.0,103896.07049024024,24.299482693958318,177.0169922433333,111.20204975873574,177.0169922433333,6.157856129028569
745.0,99721.44453617702,23.441886850624996,177.3243724620155,136.56668449560422,177.3243724620155,6.063767871597222
746.0,51123.79740864801,24.82926407020834,179.29708406725928,69.57423698693057,179.29708406725928,4.8711941233888885
747.0,66239.8521969,25.699703121805566,179.93625390592595,88.30573125572919,179.93625390592595,5.033524924041666
748.0,113751.52035396997,25.003998238888883,177.12095642158275,160.03723320048607,177.12095642158275,6.563837298590278
749.0,81957.558075772,25.721121497638876,175.54995026060607,113.66449231654168,175.54995026060607,5.774822012472225
750.0,109848.00342799403,25.999339924722225,175.80074821145038,151.0428046234792,175.80074821145038,6.146288859743056
751.0,120987.48355210006,24.92373140256945,178.64361578814814,160.9371825548611,178.64361578814814,6.805755977027776
752.0,119040.72174358003,24.49821135055556,175.0750811689394,161.72622697456242,175.0750811689394,6.656928082166668
753.0,87357.79064134302,25.119946123402784,174.55112938467155,122.1973568483403,174.55112938467155,6.067174094812497
754.0,82721.38766321397,26.172176062152776,181.88363457299272,102.08896993368747,181.88363457299272,5.532787293472225
755.0,49069.202218754006,26.52692831680556,193.01201564044118,67.85271250802778,193.01201564044118,4.836864805131946
756.0,51497.731240817986,27.764725099583316,192.3345418469697,67.82586322952085,192.3345418469697,4.69542514858333
757.0,70598.321397051,27.650747070972226,195.25115135000001,81.95168603059027,195.25115135000001,5.389712916861111
758.0,47424.26977988998,28.079144025972223,229.22155022627732,61.86323475351388,229.22155022627732,4.585158867687504
759.0,19795.527876387994,28.77471832985507,192.4983739504444,22.522169296673614,192.4983739504444,3.64641184090972
760.0,30864.331605166994,28.766404370675758,192.53055087450377,38.558625689888885,192.53055087450377,4.053495889833332
761.0,89493.27675573395,28.766404370675758,181.63684669024389,123.20180107296528,181.63684669024389,5.4763688660694445
762.0,109879.403741883,26.948744189852935,188.3102932267176,151.60389570194445,188.3102932267176,6.35247585642361
763.0,128997.91145486571,26.329825510090906,180.5051587304762,176.41479249480355,180.5051587304762,6.797780218714285
764.0,129235.99427760755,26.164263958421053,175.4083522304762,181.91284073749122,175.4083522304762,6.763728332368421
765.0,67895.07417963703,25.972345714374995,180.86681547573528,94.79907780880556,180.86681547573528,5.518569522770831
766.0,52236.785214704985,27.180195785763893,189.22602856456695,61.34316115949304,189.22602856456695,4.967273750166666
767.0,65845.19829569999,27.63034112187502,201.97722493629632,86.08570533868058,201.97722493629632,5.09518506834722
768.0,42491.435779354,27.964247821736123,207.95397765530305,50.989294033986106,207.95397765530305,4.436556070881945
769.0,60950.66750557099,27.282561793611105,188.90185597910445,77.88707165848611,188.90185597910445,4.972378678993055
770.0,123034.11587752905,25.895544208541665,185.84206349185186,153.27942149113892,185.84206349185186,6.616840332319444
771.0,126418.45531932995,25.279600116041664,174.1395455108527,162.772408459375,174.1395455108527,6.820560975215282
772.0,134311.37259410002,25.473190694652764,178.11158214198477,188.7281089809028,178.11158214198477,7.029249795111111
773.0,71185.44014225998,25.935251039722242,174.52596801439395,100.19557630270828,174.52596801439395,5.692169283555559
774.0,43495.706920781,26.986701800138896,165.32691899703707,58.58394798163887,165.32691899703707,4.780523630715277
775.0,12052.352435699999,29.034457229861093,152.45970122373134,11.79197418042361,152.45970122373134,3.479207632145835
776.0,52218.997520109995,29.207845645625007,184.8025861785185,70.24211755233334,184.8025861785185,4.8979567759861125
777.0,93977.38909193102,28.259604988124995,180.54836345547443,128.47229858130555,180.54836345547443,5.886820258034721
778.0,63317.37540465798,27.54522938194445,191.19732282535213,88.0719567418264,191.19732282535213,5.350183060333334
779.0,51533.495890464,27.65736474354167,185.21836066971827,69.73923762493745,185.21836066971827,4.676810996166666
780.0,137919.092909733,26.465157659444444,177.9380591638889,189.81753008468058,177.9380591638889,6.7457146370624965
781.0,138916.5166088,25.32707516868055,171.04280403194446,195.3655698004167,171.04280403194446,7.064114784527781
782.0,80305.0912978935,25.678701077430546,165.39305670430102,108.21327256257295,165.39305670430102,5.708579048270836
783.0,121143.91399422544,25.972254938125005,169.23649995090906,167.76097811672724,169.23649995090906,6.649334347218184
784.0,71293.11738961798,26.503622104861112,179.31908681458333,93.6057031736389,179.31908681458333,5.620270787437501
785.0,69622.94422811604,27.254618506041666,184.7385787964539,89.35290447451388,184.7385787964539,5.21238451371528
786.0,50851.342666368,28.478576459930554,190.07017254929573,58.22670757767363,190.07017254929573,4.747887476111111
787.0,67775.21913377002,27.625524677777776,172.02245110138892,95.08892799420137,172.02245110138892,5.637419157180556
788.0,73532.56810716799,27.525308427083345,169.09823820851065,101.67817521421527,169.09823820851065,5.504846202506943
789.0,90140.01992934797,27.321522230416672,176.3364583326389,119.6961822265069,176.3364583326389,5.912759069361111
790.0,67312.09050372866,27.647974214326243,176.97426523453896,91.15449646293614,176.97426523453896,5.3445024984609955
791.0,53406.28119874303,27.705682951678302,178.1983016972028,65.79810913304196,178.1983016972028,4.939113267755244
792.0,37944.855720595,28.468396066805546,164.11974732685314,48.5543851363125,164.11974732685314,4.344742354395835
793.0,25881.94501432428,30.500606388811185,190.75037814950355,30.3172456118662,190.75037814950355,3.90011062605634
794.0,7283.226055481002,30.469025031111116,148.27305996430556,4.090088814875002,148.27305996430556,3.3064180662013887
795.0,33941.230481481,32.54978947219779,204.73188682290967,23.404235777930545,204.73188682290967,3.7099529533402773
796.0,37421.90373168598,28.766404370675758,168.5263147347222,49.793685308909694,168.5263147347222,4.479548217847222
797.0,67601.40388720499,25.423446408461544,174.62351852083333,81.44326581458334,174.62351852083333,5.293522221499997
798.0,77277.97138955705,28.655884592499994,177.7532562736111,91.04284316933331,177.7532562736111,5.421108163513887
799.0,77932.160122581,28.574933643750008,178.40231517777778,80.7565114566458,178.40231517777778,5.378132759659725
800.0,71391.292135246,29.238194315138895,171.9313161375,84.22525304645141,171.9313161375,5.2893148229375
801.0,45396.343111572976,30.213737578402775,188.43945005625,45.246662426701384,188.43945005625,4.5120400282916675
802.0,50925.900863402,30.736694085138893,195.48960322222226,48.16678055566666,195.48960322222226,4.624096280541668
803.0,83584.35630792996,29.924715469236105,188.91687428601398,92.62952412999306,188.91687428601398,5.584678355138887
804.0,97495.26569025198,29.34710207034722,184.193032220979,118.15362346578478,184.193032220979,5.720857328590276
805.0,99893.32742375198,27.953084988402793,163.72876357777776,105.93663932505552,163.72876357777776,6.023466798298613
806.0,86356.44348183705,29.046068157847223,172.99049482430556,105.39830796389582,172.99049482430556,5.718822561986112
807.0,119793.94664388799,29.997280517716533,183.58527142537312,117.68420594328141,183.58527142537312,6.542955375014816
808.0,38612.612474132475,31.600880016527768,192.70748125281696,48.000394942363634,192.70748125281696,4.508260171566436
809.0,56317.37907241699,32.69054664743055,204.2517830534722,71.43245593099996,204.2517830534722,4.657605191062501
810.0,57106.893601686985,31.306602416285717,191.5740777992958,60.829839905006956,191.5740777992958,5.055900730145836
811.0,40735.67932950799,31.201687425401467,170.9060411808392,39.22553723264582,170.9060411808392,4.41392659740278
812.0,45381.09550989598,31.298214259027766,174.14122675951387,50.88088708959722,174.14122675951387,4.49207553622222
813.0,74485.03849509501,29.989172243888902,163.0239976208333,69.09017660840976,163.0239976208333,5.507685732243058
814.0,56555.08131388002,30.0770420001389,164.62521484444443,62.682717003381946,164.62521484444443,5.161341386805557
815.0,86550.69525229097,30.14860918895833,175.65587271458332,92.03382046836806,175.65587271458332,5.620938833951388
816.0,92876.99668307097,29.668217653055553,168.5063902916667,104.94288522168051,168.5063902916667,5.820362937625001
817.0,103492.12902311896,31.16224675026786,178.6668614951389,109.00905012135415,178.6668614951389,6.1649831606805545
818.0,95972.56662831108,31.05636297925373,184.60526576874997,105.01596363246531,184.60526576874997,6.154855840527777
819.0,114258.52682213903,32.86597533270834,188.5494353465278,122.2362229089098,188.5494353465278,6.34230316901389
0.0,0.0,0.0,0.0,0.0,0.0,0.0
